{
  "project_info": {
    "project_number": "1064543081622",
    "firebase_url": "https://logindemo-4e948.firebaseio.com",
    "project_id": "logindemo-4e948",
    "storage_bucket": "logindemo-4e948.appspot.com"
  },
  "client": [
    {
      "client_info": {
        "mobilesdk_app_id": "1:1064543081622:android:abf2a091ae02d276741eb7",
        "android_client_info": {
          "package_name": "com.example.logindemo"
        }
      },
      "oauth_client": [
        {
          "client_id": "1064543081622-r205o8ifjd1sctjf5gftjbjph06173c4.apps.googleusercontent.com",
          "client_type": 3
        }
      ],
      "api_key": [
        {
          "current_key": "AIzaSyBRLywK9UEG9_UXbEt_5xof2GmL7tAr7jM"
        }
      ],
      "services": {
        "appinvite_service": {
          "other_platform_oauth_client": [
            {
              "client_id": "1064543081622-r205o8ifjd1sctjf5gftjbjph06173c4.apps.googleusercontent.com",
              "client_type": 3
            }
          ]
        }
      }
    }
  ],
  "configuration_version": "1"
}